August 2018,4
March 2015,2
November 2011,3
March 2011,2
July 2010,1
November 2008,5
May 2006,1
November 2020,1
May 2010,2
June 2014,1
July 2016,2
November 2015,3
August 2015,1
December 2014,2
January 2011,3
April 2009,3
January 2009,2
August 2017,4
February 2012,1
November 2016,3
May 2016,2
December 2011,1
June 2011,2
Summer 2008,2
November 2019,3
January 2016,5
May 2009,2
November 2007,1
April 2005,1
October 2016,2
October 2018,10
September 2018,11
in 2012,1
October 2015,2
March 2010,4
July 2009,1
January 2019,10
April 2017,7
September 2015,3
December 2010,2
April 2008,1
December 2019,8
May 2018,6
April 2011,2
August 2020,13
February 2016,3
July 2015,4
June 2012,5
December 2009,2
June 2008,1
June 2018,8
May 2015,5
November 2009,1
May 2008,2
March 2017,4
March 2018,8
September 2016,2
November 2018,13
March 2016,3
January 2015,1
January 2013,4
May 2011,1
December 2008,2
August 2007,1
June 2019,9
March 2019,14
June 2013,4
June 2020,9
February 2020,7
February 2013,2
September 2020,13
December 2016,3
June 2015,7
November 2013,1
March 2012,5
April 2010,2
January 2008,1
November 2017,4
August 2013,2
May 2013,10
August 2012,2
November 2006,1
May 2014,2
September 2017,7
Mach 2016,1
October 2011,1
May 2020,14
December 2017,3
August 2014,2
March 2014,3
September 2007,4
January 2020,8
December 2012,2
September 2011,3
July 2011,3
January 2010,6
February 2009,3
October 2008,1
October 2020,24
April 2007,1
July 2018,13
April 2014,1
October 2012,1
October 2017,10
February 2019,8
July 2017,9
August 2016,5
February 2015,2
September 2013,4
June 2009,2
May 2007,2
April 2019,7
September 2019,8
February 2018,5
April 2012,2
March 2008,2
October 2007,2
April 2020,9
October 2010,4
April 2018,11
June 2017,6
January 2017,1
April 2013,1
June 2007,1
May 2019,5
May 2017,6
February 2017,6
July 2014,3
September 2012,2
July 2012,4
August 2011,3
March 2009,5
July 2020,6
December 2015,2
April 2015,3
March 2013,5
August 2009,2
December 2018,13
October 2014,7
December 2006,1
August 2006,1
August 2019,10
January 2018,6
April 2016,4
November 2014,3
October 2013,2
May 2012,3
August 2008,1
July 2019,11
October 2019,16
September 2014,3
January 2014,1
March 2020,7
